org1	org2	norm(R-R0)	norm(R-R1)	sim_with_isorank-R(R0)	sim_with_isorank-R(R1)	Edge Correctness (R0)	Edge Correctness (R1)	Edge Correctness (R)	Symmetric substructure (S^3-R0)	Symmetric substructure (S^3-R1)	Symmetric substructure (S^3-R)	LCCS (R0)	LCCS (R1)	LCCS (R)
human	rat	0.0009786402066558047	0.00037788095913024005	0.86	0.942	0.00411522633744856	0.003484320557491289	0.0027624309392265192	0.002204585537918871	0.002204585537918871	0.0017722640673460345	1	1	1
