org1	org2	norm(R-R0)	norm(R-R1)	sim_with_isorank-R(R0)	sim_with_isorank-R(R1)	Edge Correctness (R0)	Edge Correctness (R1)	Edge Correctness (R)	Symmetric substructure (S^3-R0)	Symmetric substructure (S^3-R1)	Symmetric substructure (S^3-R)	LCCS (R0)	LCCS (R1)	LCCS (R)
human	mouse	0.0004265315471364704	1.317244971704044e-05	0.9795	0.9975	0.0014534883720930232	0.0014936519790888724	0.0015003750937734434	0.0008254230293025176	0.0008254230293025176	0.0008274720728175424	1	1	1
