org1	org2	norm(R-R0)	norm(R-R1)	sim_with_isorank-R(R0)	sim_with_isorank-R(R1)	Edge Correctness (R0)	Edge Correctness (R1)	Edge Correctness (R)	Symmetric substructure (S^3-R0)	Symmetric substructure (S^3-R1)	Symmetric substructure (S^3-R)	LCCS (R0)	LCCS (R1)	LCCS (R)
rat	bakers	0.0017207778231642444	0.0004207013412899142	0.848	0.917	0.009445100354191263	0.009009009009009009	0.009836065573770493	0.0009321836401771149	0.0009321836401771149	0.0010466333294569135	1	1	1
