org1	org2	norm(R-R0)	norm(R-R1)	sim_with_isorank-R(R0)	sim_with_isorank-R(R1)	Edge Correctness (R0)	Edge Correctness (R1)	Edge Correctness (R)	Symmetric substructure (S^3-R0)	Symmetric substructure (S^3-R1)	Symmetric substructure (S^3-R)	LCCS (R0)	LCCS (R1)	LCCS (R)
mouse	rat	0.002337292745827541	0.001084603920205467	0.778	0.875	0.002617801047120419	0.001272264631043257	0.0012706480304955528	0.0006075334143377885	0.0006075334143377885	0.0006222775357809583	1	1	1
