org1	org2	norm(R-R0)	norm(R-R1)	sim_with_isorank-R(R0)	sim_with_isorank-R(R1)	Edge Correctness (R0)	Edge Correctness (R1)	Edge Correctness (R)	Symmetric substructure (S^3-R0)	Symmetric substructure (S^3-R1)	Symmetric substructure (S^3-R)	LCCS (R0)	LCCS (R1)	LCCS (R)
fly	rat	0.0027418683804567687	0.00035415765338114895	0.702	0.896	0.00231839258114374	0.0014419610670511895	0.0021216407355021216	0.000856898029134533	0.000856898029134533	0.001277139208173691	1	1	1
