org1	org2	norm(R-R0)	norm(R-R1)	sim_with_isorank-R(R0)	sim_with_isorank-R(R1)	Edge Correctness (R0)	Edge Correctness (R1)	Edge Correctness (R)	Symmetric substructure (S^3-R0)	Symmetric substructure (S^3-R1)	Symmetric substructure (S^3-R)	LCCS (R0)	LCCS (R1)	LCCS (R)
human	rat	0.0011962980821709974	0.00022393044593574496	0.899	0.9625	0.004095563139931741	0.004282655246252677	0.003543586109142452	0.0026857654431512983	0.0026857654431512983	0.0022381378692927483	1	1	1
