org1	org2	norm(R-R0)	norm(R-R1)	sim_with_isorank-R(R0)	sim_with_isorank-R(R1)	Edge Correctness (R0)	Edge Correctness (R1)	Edge Correctness (R)	Symmetric substructure (S^3-R0)	Symmetric substructure (S^3-R1)	Symmetric substructure (S^3-R)	LCCS (R0)	LCCS (R1)	LCCS (R)	FC-molecular_function(R0)	FC-biological_process(R0)	FC-cellular_component(R0)	FC-molecular_function(R1)	FC-biological_process(R1)	FC-cellular_component(R1)	FC-molecular_function(R2)	FC-biological_process(R2)	FC-cellular_component(R2)
fly	rat	0.003907770641812723	0.0008574238182240787	0.365	0.4985	0.017553559087767796	0.036032604555496305	0.04757253101494578	0.020018621973929236	0.020018621973929236	0.03200999079794926	56	48	76	0.49451333463315544	0.19071392599628667	0.42839824164644924	0.43418679483703104	0.170723695337723	0.40027165052004215	0.38946381592274576	0.15669509047661967	0.3711536894593615
