org1	org2	norm(R-R0)	norm(R-R1)	sim_with_isorank-R(R0)	sim_with_isorank-R(R1)	Edge Correctness (R0)	Edge Correctness (R1)	Edge Correctness (R)	Symmetric substructure (S^3-R0)	Symmetric substructure (S^3-R1)	Symmetric substructure (S^3-R)	LCCS (R0)	LCCS (R1)	LCCS (R)	FC-molecular_function(R0)	FC-biological_process(R0)	FC-cellular_component(R0)	FC-molecular_function(R1)	FC-biological_process(R1)	FC-cellular_component(R1)	FC-molecular_function(R2)	FC-biological_process(R2)	FC-cellular_component(R2)
mouse	bakers	0.0011927670898320396	0.0006286961255926209	0.7575	0.8795	0.130879345603272	0.20809523809523808	0.23710054559625876	0.02050199390100868	0.02050199390100868	0.02383900443552811	589	695	813	0.5151049625837868	0.26529428556962587	0.5238562006061229	0.5197885376885709	0.2701332615903209	0.5272163369252811	0.5189244096457627	0.2710559455926119	0.5266490812488683
