org1	org2	norm(R-R0)	norm(R-R1)	sim_with_isorank-R(R0)	sim_with_isorank-R(R1)	Edge Correctness (R0)	Edge Correctness (R1)	Edge Correctness (R)	Symmetric substructure (S^3-R0)	Symmetric substructure (S^3-R1)	Symmetric substructure (S^3-R)	LCCS (R0)	LCCS (R1)	LCCS (R)	FC-molecular_function(R0)	FC-biological_process(R0)	FC-cellular_component(R0)	FC-molecular_function(R1)	FC-biological_process(R1)	FC-cellular_component(R1)	FC-molecular_function(R2)	FC-biological_process(R2)	FC-cellular_component(R2)
mouse	rat	0.005677356751980903	0.002740268234797278	0.752	0.885	0.03897447689123937	0.12113831560056403	0.136126337770817	0.07074941977989069	0.07074941977989069	0.08040394696268886	57	362	395	0.6125276593732701	0.29700237818110736	0.5361615517874602	0.5977203349199518	0.292061585719365	0.5286584845371767	0.5938192725604708	0.2902987577035263	0.5256146996463628
