org1	org2	norm(R-R0)	norm(R-R1)	sim_with_isorank-R(R0)	sim_with_isorank-R(R1)	Edge Correctness (R0)	Edge Correctness (R1)	Edge Correctness (R)	Symmetric substructure (S^3-R0)	Symmetric substructure (S^3-R1)	Symmetric substructure (S^3-R)	LCCS (R0)	LCCS (R1)	LCCS (R)	FC-molecular_function(R0)	FC-biological_process(R0)	FC-cellular_component(R0)	FC-molecular_function(R1)	FC-biological_process(R1)	FC-cellular_component(R1)	FC-molecular_function(R2)	FC-biological_process(R2)	FC-cellular_component(R2)
fly	mouse	0.0010253894399105225	0.00037419203066696644	0.766	0.8975	0.029534313725490195	0.07001594896331738	0.07420091324200913	0.03450715296337054	0.03450715296337054	0.03570307595731324	17	14	19	0.5702867832143237	0.26859804928164366	0.5794215681790768	0.5678369545829388	0.26744621378191774	0.5823377703532135	0.5671691288968668	0.2670180347966547	0.5842711903745276
