org1	org2	norm(R-R0)	norm(R-R1)	sim_with_isorank-R(R0)	sim_with_isorank-R(R1)	Edge Correctness (R0)	Edge Correctness (R1)	Edge Correctness (R)	Symmetric substructure (S^3-R0)	Symmetric substructure (S^3-R1)	Symmetric substructure (S^3-R)	LCCS (R0)	LCCS (R1)	LCCS (R)	FC-molecular_function(R0)	FC-biological_process(R0)	FC-cellular_component(R0)	FC-molecular_function(R1)	FC-biological_process(R1)	FC-cellular_component(R1)	FC-molecular_function(R2)	FC-biological_process(R2)	FC-cellular_component(R2)
human	fly	0.0004979837636027349	5.9002820221861624e-05	0.9535	0.9865	0.06395715185885319	0.06134067080981071	0.06166563732243812	0.048971707760481764	0.048971707760481764	0.04924501100235223	95	126	125	0.6302484760935476	0.33437252911811655	0.5850675487553739	0.6269068538098618	0.3315402879993392	0.5807888932370496	0.6263597905229453	0.33102845738903447	0.5807678082840141
