org1	org2	norm(R-R0)	norm(R-R1)	sim_with_isorank-R(R0)	sim_with_isorank-R(R1)	Edge Correctness (R0)	Edge Correctness (R1)	Edge Correctness (R)	Symmetric substructure (S^3-R0)	Symmetric substructure (S^3-R1)	Symmetric substructure (S^3-R)	LCCS (R0)	LCCS (R1)	LCCS (R)	FC-molecular_function(R0)	FC-biological_process(R0)	FC-cellular_component(R0)	FC-molecular_function(R1)	FC-biological_process(R1)	FC-cellular_component(R1)	FC-molecular_function(R2)	FC-biological_process(R2)	FC-cellular_component(R2)
human	mouse	0.0003688274799207741	1.555551000181477e-05	0.9935	0.9985	0.08627216577007372	0.08545975182946229	0.0853650773441976	0.06339391078593344	0.06339391078593344	0.06332640725349452	158	178	177	0.6614011896162535	0.3478358279775106	0.5754327614369232	0.6604624716293441	0.3460479499924572	0.5752793439343867	0.6604332531262145	0.3460224873101412	0.5748952560765754
