org1	org2	norm(R-R0)	norm(R-R1)	sim_with_isorank-R(R0)	sim_with_isorank-R(R1)	Edge Correctness (R0)	Edge Correctness (R1)	Edge Correctness (R)	Symmetric substructure (S^3-R0)	Symmetric substructure (S^3-R1)	Symmetric substructure (S^3-R)	LCCS (R0)	LCCS (R1)	LCCS (R)	FC-molecular_function(R0)	FC-biological_process(R0)	FC-cellular_component(R0)	FC-molecular_function(R1)	FC-biological_process(R1)	FC-cellular_component(R1)	FC-molecular_function(R2)	FC-biological_process(R2)	FC-cellular_component(R2)
human	fly	0.000482959748622931	3.1840488283794006e-05	0.973	0.994	0.06384676775738228	0.06502680226441561	0.06465067778936393	0.05156523120928015	0.05156523120928015	0.05134474327628362	21	132	134	0.6305363388873481	0.3345392082633573	0.585265957207993	0.6275435779621963	0.3316615183103374	0.5815849601542534	0.6278215278196344	0.33155323045729046	0.5818093027284743
