org1	org2	norm(R-R0)	norm(R-R1)	sim_with_isorank-R(R0)	sim_with_isorank-R(R1)	Edge Correctness (R0)	Edge Correctness (R1)	Edge Correctness (R)	Symmetric substructure (S^3-R0)	Symmetric substructure (S^3-R1)	Symmetric substructure (S^3-R)	LCCS (R0)	LCCS (R1)	LCCS (R)	FC-molecular_function(R0)	FC-biological_process(R0)	FC-cellular_component(R0)	FC-molecular_function(R1)	FC-biological_process(R1)	FC-cellular_component(R1)	FC-molecular_function(R2)	FC-biological_process(R2)	FC-cellular_component(R2)
fly	mouse	0.000774553743316112	3.20141601614298e-05	0.833	0.9575	0.028662031955116477	0.06954671903125512	0.07006157430520886	0.034106412005457026	0.034106412005457026	0.03412498986787712	10	23	23	0.5753652562450347	0.26758473081876055	0.5803539182977318	0.5734561548441685	0.2705831415667798	0.5864555061217575	0.5709618065272941	0.27025784229518224	0.5857229479574185
