org1	org2	norm(R-R0)	norm(R-R1)	sim_with_isorank-R(R0)	sim_with_isorank-R(R1)	Edge Correctness (R0)	Edge Correctness (R1)	Edge Correctness (R)	Symmetric substructure (S^3-R0)	Symmetric substructure (S^3-R1)	Symmetric substructure (S^3-R)	LCCS (R0)	LCCS (R1)	LCCS (R)	FC-molecular_function(R0)	FC-biological_process(R0)	FC-cellular_component(R0)	FC-molecular_function(R1)	FC-biological_process(R1)	FC-cellular_component(R1)	FC-molecular_function(R2)	FC-biological_process(R2)	FC-cellular_component(R2)
fly	rat	0.0021979619905395237	6.90497702862591e-05	0.3875	0.5295	0.014934660858743	0.03801146626875049	0.051211001642036125	0.021439645625692137	0.021439645625692137	0.033841980332316036	51	43	66	0.4918296135909883	0.1900702159099649	0.42889082656333605	0.4208915784446756	0.1676579347437959	0.3987022409668192	0.392075793928969	0.15263692494600792	0.37610210944351086
