org1	org2	norm(R-R0)	norm(R-R1)	sim_with_isorank-R(R0)	sim_with_isorank-R(R1)	Edge Correctness (R0)	Edge Correctness (R1)	Edge Correctness (R)	Symmetric substructure (S^3-R0)	Symmetric substructure (S^3-R1)	Symmetric substructure (S^3-R)	LCCS (R0)	LCCS (R1)	LCCS (R)	FC-molecular_function(R0)	FC-biological_process(R0)	FC-cellular_component(R0)	FC-molecular_function(R1)	FC-biological_process(R1)	FC-cellular_component(R1)	FC-molecular_function(R2)	FC-biological_process(R2)	FC-cellular_component(R2)
human	rat	0.0017282896572917582	0.0004125317270700996	0.899	0.9745	0.01803390727308803	0.0473551637279597	0.05088940448569219	0.0403943377148635	0.0403943377148635	0.04306846445869878	64	566	576	0.6224075886945664	0.30842491905014907	0.4642558378217449	0.6201956270983643	0.30763290963159395	0.4637904461416372	0.6201942956789536	0.3074940781497486	0.4640556071989675
