org1	org2	norm(R-R0)	norm(R-R1)	sim_with_isorank-R(R0)	sim_with_isorank-R(R1)	Edge Correctness (R0)	Edge Correctness (R1)	Edge Correctness (R)	Symmetric substructure (S^3-R0)	Symmetric substructure (S^3-R1)	Symmetric substructure (S^3-R)	LCCS (R0)	LCCS (R1)	LCCS (R)	FC-molecular_function(R0)	FC-biological_process(R0)	FC-cellular_component(R0)	FC-molecular_function(R1)	FC-biological_process(R1)	FC-cellular_component(R1)	FC-molecular_function(R2)	FC-biological_process(R2)	FC-cellular_component(R2)
mouse	bakers	0.0006929763616983438	4.5560707000343636e-05	0.789	0.9625	0.08413395553115564	0.17381526104417672	0.1741997748110021	0.01760494630654084	0.01760494630654084	0.01781425798598546	374	458	457	0.5204021824577272	0.2655664302214676	0.5273833895593911	0.5230271510743175	0.272975711314732	0.5307091640966601	0.5220811566386548	0.27369468175608086	0.5304085528734047
