org1	org2	norm(R-R0)	norm(R-R1)	sim_with_isorank-R(R0)	sim_with_isorank-R(R1)	Edge Correctness (R0)	Edge Correctness (R1)	Edge Correctness (R)	Symmetric substructure (S^3-R0)	Symmetric substructure (S^3-R1)	Symmetric substructure (S^3-R)	LCCS (R0)	LCCS (R1)	LCCS (R)	FC-molecular_function(R0)	FC-biological_process(R0)	FC-cellular_component(R0)	FC-molecular_function(R1)	FC-biological_process(R1)	FC-cellular_component(R1)	FC-molecular_function(R2)	FC-biological_process(R2)	FC-cellular_component(R2)
rat	bakers	0.005204924045369775	0.0029123675196966368	0.336	0.418	0.11043350477590007	0.15104656129859034	0.43018366895330823	0.020571534952992646	0.020571534952992646	0.025170587702148046	423	672	1265	0.48203390193366	0.2159710858432559	0.4083018575251334	0.43644975964133714	0.1933781847388446	0.38601948856487667	0.35650799593630483	0.1570677942360529	0.345195023453863
