org1	org2	norm(R-R0)	norm(R-R1)	sim_with_isorank-R(R0)	sim_with_isorank-R(R1)	Edge Correctness (R0)	Edge Correctness (R1)	Edge Correctness (R)	Symmetric substructure (S^3-R0)	Symmetric substructure (S^3-R1)	Symmetric substructure (S^3-R)	LCCS (R0)	LCCS (R1)	LCCS (R)	FC-molecular_function(R0)	FC-biological_process(R0)	FC-cellular_component(R0)	FC-molecular_function(R1)	FC-biological_process(R1)	FC-cellular_component(R1)	FC-molecular_function(R2)	FC-biological_process(R2)	FC-cellular_component(R2)
human	bakers	0.0003844170384308712	5.511156358107719e-05	0.969	0.99	0.21395923409512044	0.24844398340248963	0.24797843665768193	0.07347301898947756	0.07347301898947756	0.07337986041874377	1203	1977	1966	0.5952850573326067	0.3612680543658385	0.5031329901041608	0.5934155971453223	0.3604827826004802	0.5016371240676686	0.5934990766074495	0.3604816193393321	0.5023075741735739
