org1	org2	norm(R-R0)	norm(R-R1)	sim_with_isorank-R(R0)	sim_with_isorank-R(R1)	Edge Correctness (R0)	Edge Correctness (R1)	Edge Correctness (R)	Symmetric substructure (S^3-R0)	Symmetric substructure (S^3-R1)	Symmetric substructure (S^3-R)	LCCS (R0)	LCCS (R1)	LCCS (R)	FC-molecular_function(R0)	FC-biological_process(R0)	FC-cellular_component(R0)	FC-molecular_function(R1)	FC-biological_process(R1)	FC-cellular_component(R1)	FC-molecular_function(R2)	FC-biological_process(R2)	FC-cellular_component(R2)
mouse	bakers	0.0012956431916278212	0.0003940718263009175	0.7695	0.9195	0.0887451843698404	0.22034168928628453	0.21933621933621933	0.0220775273169405	0.0220775273169405	0.021998874326606094	389	724	712	0.5189709718924688	0.26524076433702176	0.526214607474271	0.5200979408371376	0.2725781542116453	0.5269259870147454	0.5205780072481642	0.27303267026736655	0.5292151203844804
