org1	org2	norm(R-R0)	norm(R-R1)	sim_with_isorank-R(R0)	sim_with_isorank-R(R1)	Edge Correctness (R0)	Edge Correctness (R1)	Edge Correctness (R)	Symmetric substructure (S^3-R0)	Symmetric substructure (S^3-R1)	Symmetric substructure (S^3-R)	LCCS (R0)	LCCS (R1)	LCCS (R)	FC-molecular_function(R0)	FC-biological_process(R0)	FC-cellular_component(R0)	FC-molecular_function(R1)	FC-biological_process(R1)	FC-cellular_component(R1)	FC-molecular_function(R2)	FC-biological_process(R2)	FC-cellular_component(R2)
human	bakers	0.000274537895149512	6.384393553324934e-05	0.966	0.9865	0.24858785555779706	0.2666831683168317	0.2641975308641975	0.08033104682373994	0.08033104682373994	0.07979120059656973	2056	2376	2374	0.593304179589822	0.3604735284661135	0.5024972075194922	0.5925853317809052	0.3593429005745208	0.5013036116671503	0.5927665161273387	0.35954148417318693	0.5018919042298899
