org1	org2	norm(R-R0)	norm(R-R1)	sim_with_isorank-R(R0)	sim_with_isorank-R(R1)	Edge Correctness (R0)	Edge Correctness (R1)	Edge Correctness (R)	Symmetric substructure (S^3-R0)	Symmetric substructure (S^3-R1)	Symmetric substructure (S^3-R)	LCCS (R0)	LCCS (R1)	LCCS (R)	FC-molecular_function(R0)	FC-biological_process(R0)	FC-cellular_component(R0)	FC-molecular_function(R1)	FC-biological_process(R1)	FC-cellular_component(R1)	FC-molecular_function(R2)	FC-biological_process(R2)	FC-cellular_component(R2)
human	bakers	0.0003708888886505699	3.16377950036305e-05	0.9765	0.991	0.21371521277923375	0.2163166697639844	0.21654200407986648	0.05803074366431242	0.05803074366431242	0.058183569743879344	1174	1207	1202	0.5952071475387484	0.36161362302532807	0.5026859326106219	0.5949255220880284	0.3615689148975567	0.5029844888976874	0.5950341384736832	0.3612583074164916	0.5025596073151046
