org1	org2	norm(R-R0)	norm(R-R1)	sim_with_isorank-R(R0)	sim_with_isorank-R(R1)	Edge Correctness (R0)	Edge Correctness (R1)	Edge Correctness (R)	Symmetric substructure (S^3-R0)	Symmetric substructure (S^3-R1)	Symmetric substructure (S^3-R)	LCCS (R0)	LCCS (R1)	LCCS (R)	FC-molecular_function(R0)	FC-biological_process(R0)	FC-cellular_component(R0)	FC-molecular_function(R1)	FC-biological_process(R1)	FC-cellular_component(R1)	FC-molecular_function(R2)	FC-biological_process(R2)	FC-cellular_component(R2)
fly	mouse	0.001207859092920403	0.00012072870531535969	0.8105	0.941	0.028491073612130106	0.07337355291048427	0.07293570360525004	0.03587372448979592	0.03587372448979592	0.035300739787713094	15	23	23	0.5741277782887858	0.26787589337646933	0.5790079281654771	0.5735171243226587	0.26993687029671765	0.5861864775905468	0.5701992730910483	0.26939063713869277	0.5832027498968156
