org1	org2	norm(R-R0)	norm(R-R1)	sim_with_isorank-R(R0)	sim_with_isorank-R(R1)	Edge Correctness (R0)	Edge Correctness (R1)	Edge Correctness (R)	Symmetric substructure (S^3-R0)	Symmetric substructure (S^3-R1)	Symmetric substructure (S^3-R)	LCCS (R0)	LCCS (R1)	LCCS (R)	FC-molecular_function(R0)	FC-biological_process(R0)	FC-cellular_component(R0)	FC-molecular_function(R1)	FC-biological_process(R1)	FC-cellular_component(R1)	FC-molecular_function(R2)	FC-biological_process(R2)	FC-cellular_component(R2)
human	mouse	0.0004771719985010088	0.00019038634829533752	0.96	0.9865	0.07739617586164901	0.0894521058516586	0.09875683206515914	0.06629572629335859	0.06629572629335859	0.0722858487605899	191	358	435	0.6612097185930367	0.34748391638413945	0.5749397796048642	0.6567234681246649	0.34439940219676424	0.5687346123479945	0.6556553034837879	0.3434771316903098	0.5686185426512038
