org1	org2	norm(R-R0)	norm(R-R1)	sim_with_isorank-R(R0)	sim_with_isorank-R(R1)	Edge Correctness (R0)	Edge Correctness (R1)	Edge Correctness (R)	Symmetric substructure (S^3-R0)	Symmetric substructure (S^3-R1)	Symmetric substructure (S^3-R)	LCCS (R0)	LCCS (R1)	LCCS (R)	FC-molecular_function(R0)	FC-biological_process(R0)	FC-cellular_component(R0)	FC-molecular_function(R1)	FC-biological_process(R1)	FC-cellular_component(R1)	FC-molecular_function(R2)	FC-biological_process(R2)	FC-cellular_component(R2)
human	mouse	0.0006095586709675319	0.0001244429736990882	0.9785	0.9935	0.08635885293343856	0.09211033419589275	0.09218612818261633	0.06840577339820911	0.06840577339820911	0.06848198271645198	190	309	311	0.6611483106869039	0.3475196722704043	0.5753460404098623	0.6586340650615679	0.3453555279772612	0.5717414141953198	0.6579952238080664	0.34482340759945473	0.5708076566469321
