org1	org2	norm(R-R0)	norm(R-R1)	sim_with_isorank-R(R0)	sim_with_isorank-R(R1)	Edge Correctness (R0)	Edge Correctness (R1)	Edge Correctness (R)	Symmetric substructure (S^3-R0)	Symmetric substructure (S^3-R1)	Symmetric substructure (S^3-R)	LCCS (R0)	LCCS (R1)	LCCS (R)	FC-molecular_function(R0)	FC-biological_process(R0)	FC-cellular_component(R0)	FC-molecular_function(R1)	FC-biological_process(R1)	FC-cellular_component(R1)	FC-molecular_function(R2)	FC-biological_process(R2)	FC-cellular_component(R2)
rat	bakers	0.0040863366618009225	0.0005248460887233241	0.353	0.4695	0.10777255362915075	0.1358933894441522	0.393885293461281	0.018185657968837997	0.018185657968837997	0.024179407090799496	426	679	1135	0.4774993363329927	0.21569663435943054	0.40927725369482976	0.42682776016929797	0.18832510049183318	0.3769573862885093	0.3603977947235388	0.15922133680120298	0.34475058497654776
