org1	org2	norm(R-R0)	norm(R-R1)	sim_with_isorank-R(R0)	sim_with_isorank-R(R1)	Edge Correctness (R0)	Edge Correctness (R1)	Edge Correctness (R)	Symmetric substructure (S^3-R0)	Symmetric substructure (S^3-R1)	Symmetric substructure (S^3-R)	LCCS (R0)	LCCS (R1)	LCCS (R)	FC-molecular_function(R0)	FC-biological_process(R0)	FC-cellular_component(R0)	FC-molecular_function(R1)	FC-biological_process(R1)	FC-cellular_component(R1)	FC-molecular_function(R2)	FC-biological_process(R2)	FC-cellular_component(R2)
rat	bakers	0.002477814258419714	8.950843011290273e-05	0.3565	0.4905	0.10270111997657565	0.14410095871649384	0.36673437147370797	0.018077834096292388	0.018077834096292388	0.023188778058421452	461	702	1006	0.4835587619400635	0.21582108957868906	0.40946491263489637	0.41813190602069483	0.18552369435094848	0.3749424123324318	0.36216972190631586	0.16020057608667834	0.3478533820900509
