org1	org2	norm(R-R0)	norm(R-R1)	sim_with_isorank-R(R0)	sim_with_isorank-R(R1)	Edge Correctness (R0)	Edge Correctness (R1)	Edge Correctness (R)	Symmetric substructure (S^3-R0)	Symmetric substructure (S^3-R1)	Symmetric substructure (S^3-R)	LCCS (R0)	LCCS (R1)	LCCS (R)	FC-molecular_function(R0)	FC-biological_process(R0)	FC-cellular_component(R0)	FC-molecular_function(R1)	FC-biological_process(R1)	FC-cellular_component(R1)	FC-molecular_function(R2)	FC-biological_process(R2)	FC-cellular_component(R2)
human	mouse	0.0005706251297022294	5.867625795096636e-05	0.9865	0.9985	0.08627216577007372	0.09332941522186307	0.09344474520418972	0.06903147278734133	0.06903147278734133	0.06910657556899778	158	264	264	0.6614011896162535	0.3478358279775106	0.5754327614369232	0.6597918893577137	0.3455048465175428	0.5736864900214933	0.6594361655813645	0.34537143856437935	0.5736775188680927
