org1	org2	norm(R-R0)	norm(R-R1)	sim_with_isorank-R(R0)	sim_with_isorank-R(R1)	Edge Correctness (R0)	Edge Correctness (R1)	Edge Correctness (R)	Symmetric substructure (S^3-R0)	Symmetric substructure (S^3-R1)	Symmetric substructure (S^3-R)	LCCS (R0)	LCCS (R1)	LCCS (R)	FC-molecular_function(R0)	FC-biological_process(R0)	FC-cellular_component(R0)	FC-molecular_function(R1)	FC-biological_process(R1)	FC-cellular_component(R1)	FC-molecular_function(R2)	FC-biological_process(R2)	FC-cellular_component(R2)
human	rat	0.0015221474491761149	0.0001583969629657997	0.903	0.9825	0.018937807270883397	0.04056236912952438	0.04138036341426172	0.03475942682833047	0.03475942682833047	0.035361048044051255	76	408	388	0.6224075886945664	0.30842491905014907	0.4642558378217449	0.6211613599520156	0.3077417707125008	0.46409182385232217	0.6211600285326049	0.30771654006629395	0.4642608845224078
