org1	org2	norm(R-R0)	norm(R-R1)	sim_with_isorank-R(R0)	sim_with_isorank-R(R1)	Edge Correctness (R0)	Edge Correctness (R1)	Edge Correctness (R)	Symmetric substructure (S^3-R0)	Symmetric substructure (S^3-R1)	Symmetric substructure (S^3-R)	LCCS (R0)	LCCS (R1)	LCCS (R)	FC-molecular_function(R0)	FC-biological_process(R0)	FC-cellular_component(R0)	FC-molecular_function(R1)	FC-biological_process(R1)	FC-cellular_component(R1)	FC-molecular_function(R2)	FC-biological_process(R2)	FC-cellular_component(R2)
mouse	bakers	0.0011149536143448978	0.00017756269761960353	0.7805	0.9415	0.08962004405286343	0.1932948347770292	0.19146889031430403	0.01946625310975413	0.01946625310975413	0.019374624758628525	389	586	581	0.5152911980666536	0.26490408747381805	0.5258562266918305	0.5232030377872011	0.27330308862255026	0.5296484851763676	0.5210845531954025	0.274345608964579	0.529438368463682
