org1	org2	norm(R-R0)	norm(R-R1)	sim_with_isorank-R(R0)	sim_with_isorank-R(R1)	Edge Correctness (R0)	Edge Correctness (R1)	Edge Correctness (R)	Symmetric substructure (S^3-R0)	Symmetric substructure (S^3-R1)	Symmetric substructure (S^3-R)	LCCS (R0)	LCCS (R1)	LCCS (R)	FC-molecular_function(R0)	FC-biological_process(R0)	FC-cellular_component(R0)	FC-molecular_function(R1)	FC-biological_process(R1)	FC-cellular_component(R1)	FC-molecular_function(R2)	FC-biological_process(R2)	FC-cellular_component(R2)
rat	bakers	0.005000394571091395	0.0014792004936003951	0.3415	0.439	0.11470955423367848	0.13015519163165568	0.43346684468179797	0.017723913271918457	0.017723913271918457	0.02595741278682408	438	663	1269	0.4848860107851409	0.21625921145821528	0.40889961668228814	0.4341483714715327	0.19163624779488805	0.38017764063427084	0.35908423645702037	0.15804048844101365	0.3399526382894749
