org1	org2	norm(R-R0)	norm(R-R1)	sim_with_isorank-R(R0)	sim_with_isorank-R(R1)	Edge Correctness (R0)	Edge Correctness (R1)	Edge Correctness (R)	Symmetric substructure (S^3-R0)	Symmetric substructure (S^3-R1)	Symmetric substructure (S^3-R)	LCCS (R0)	LCCS (R1)	LCCS (R)	FC-molecular_function(R0)	FC-biological_process(R0)	FC-cellular_component(R0)	FC-molecular_function(R1)	FC-biological_process(R1)	FC-cellular_component(R1)	FC-molecular_function(R2)	FC-biological_process(R2)	FC-cellular_component(R2)
human	rat	0.001582741499713184	0.0007805248430219399	0.894	0.958	0.033362656696723114	0.04622412562455389	0.05298394425931536	0.03963183275807202	0.03963183275807202	0.04487146595515419	440	597	652	0.6209018810596801	0.3077631930926477	0.463822005463759	0.6198791066936479	0.30700167825442143	0.4631457421448279	0.6203096762896306	0.3069739265872103	0.46343828150799476
