org1	org2	norm(R-R0)	norm(R-R1)	sim_with_isorank-R(R0)	sim_with_isorank-R(R1)	Edge Correctness (R0)	Edge Correctness (R1)	Edge Correctness (R)	Symmetric substructure (S^3-R0)	Symmetric substructure (S^3-R1)	Symmetric substructure (S^3-R)	LCCS (R0)	LCCS (R1)	LCCS (R)	FC-molecular_function(R0)	FC-biological_process(R0)	FC-cellular_component(R0)	FC-molecular_function(R1)	FC-biological_process(R1)	FC-cellular_component(R1)	FC-molecular_function(R2)	FC-biological_process(R2)	FC-cellular_component(R2)
human	rat	0.0009579152502446422	3.263859638722705e-05	0.906	0.9825	0.018585065808329106	0.0402766964125292	0.04133642238751372	0.034523473395107675	0.034523473395107675	0.035326299335678	75	394	394	0.6224075886945664	0.30842491905014907	0.4642558378217449	0.6213291859418222	0.3079302951504333	0.46435998309442855	0.6213291859418222	0.3079302951504333	0.46435998309442844
