org1	org2	norm(R-R0)	norm(R-R1)	sim_with_isorank-R(R0)	sim_with_isorank-R(R1)	Edge Correctness (R0)	Edge Correctness (R1)	Edge Correctness (R)	Symmetric substructure (S^3-R0)	Symmetric substructure (S^3-R1)	Symmetric substructure (S^3-R)	LCCS (R0)	LCCS (R1)	LCCS (R)	FC-molecular_function(R0)	FC-biological_process(R0)	FC-cellular_component(R0)	FC-molecular_function(R1)	FC-biological_process(R1)	FC-cellular_component(R1)	FC-molecular_function(R2)	FC-biological_process(R2)	FC-cellular_component(R2)
human	fly	0.00031703517105631187	9.51568685243056e-06	0.988	0.997	0.06585336965533578	0.0666552138807765	0.06675843083275981	0.052213699367514466	0.052213699367514466	0.05227701428186473	18	38	38	0.6306949368810835	0.3345417906431141	0.5853576057358887	0.6299469365274024	0.3339158128302755	0.5846296781349725	0.630360460543929	0.3339364269534662	0.5846970024851448
