org1	org2	norm(R-R0)	norm(R-R1)	sim_with_isorank-R(R0)	sim_with_isorank-R(R1)	Edge Correctness (R0)	Edge Correctness (R1)	Edge Correctness (R)	Symmetric substructure (S^3-R0)	Symmetric substructure (S^3-R1)	Symmetric substructure (S^3-R)	LCCS (R0)	LCCS (R1)	LCCS (R)	FC-molecular_function(R0)	FC-biological_process(R0)	FC-cellular_component(R0)	FC-molecular_function(R1)	FC-biological_process(R1)	FC-cellular_component(R1)	FC-molecular_function(R2)	FC-biological_process(R2)	FC-cellular_component(R2)
human	fly	0.0003525040225351167	7.482060796087757e-05	0.934	0.9745	0.06091841946417793	0.05923900660742766	0.06007322695836912	0.04747471058686046	0.04747471058686046	0.04816264405305501	147	143	154	0.6300438017910733	0.33435526037764274	0.5835483230867496	0.6240687092647592	0.3296715148689762	0.5777267290732001	0.6237099397195317	0.32973415721532684	0.5775512765461127
