org1	org2	norm(R-R0)	norm(R-R1)	sim_with_isorank-R(R0)	sim_with_isorank-R(R1)	Edge Correctness (R0)	Edge Correctness (R1)	Edge Correctness (R)	Symmetric substructure (S^3-R0)	Symmetric substructure (S^3-R1)	Symmetric substructure (S^3-R)	LCCS (R0)	LCCS (R1)	LCCS (R)	FC-molecular_function(R0)	FC-biological_process(R0)	FC-cellular_component(R0)	FC-molecular_function(R1)	FC-biological_process(R1)	FC-cellular_component(R1)	FC-molecular_function(R2)	FC-biological_process(R2)	FC-cellular_component(R2)
mouse	rat	0.0061248313614058756	0.0015694689296703022	0.7665	0.919	0.03945703439549062	0.12258477287268074	0.13960151061336112	0.0730572714100511	0.0730572714100511	0.08234751882009525	57	368	416	0.6124714294637618	0.29697752508612596	0.5364538079484756	0.5978064007907938	0.29204270962611734	0.5293431327858985	0.5979380026557484	0.2916518512344304	0.528419234295507
