org1	org2	norm(R-R0)	norm(R-R1)	sim_with_isorank-R(R0)	sim_with_isorank-R(R1)	Edge Correctness (R0)	Edge Correctness (R1)	Edge Correctness (R)	Symmetric substructure (S^3-R0)	Symmetric substructure (S^3-R1)	Symmetric substructure (S^3-R)	LCCS (R0)	LCCS (R1)	LCCS (R)	FC-molecular_function(R0)	FC-biological_process(R0)	FC-cellular_component(R0)	FC-molecular_function(R1)	FC-biological_process(R1)	FC-cellular_component(R1)	FC-molecular_function(R2)	FC-biological_process(R2)	FC-cellular_component(R2)
mouse	rat	0.005213204525054482	0.0005986304767159068	0.779	0.94	0.04132136279926335	0.12923511293634496	0.12839410395655548	0.07691132666310242	0.07691132666310242	0.07636699223256171	57	373	363	0.6131790662710072	0.2972767322635408	0.5365560756858064	0.6004344119714959	0.29271951336177787	0.530721094584529	0.6002291484754068	0.2919886391220437	0.5299791427847073
