org1	org2	norm(R-R0)	norm(R-R1)	sim_with_isorank-R(R0)	sim_with_isorank-R(R1)	Edge Correctness (R0)	Edge Correctness (R1)	Edge Correctness (R)	Symmetric substructure (S^3-R0)	Symmetric substructure (S^3-R1)	Symmetric substructure (S^3-R)	LCCS (R0)	LCCS (R1)	LCCS (R)	FC-molecular_function(R0)	FC-biological_process(R0)	FC-cellular_component(R0)	FC-molecular_function(R1)	FC-biological_process(R1)	FC-cellular_component(R1)	FC-molecular_function(R2)	FC-biological_process(R2)	FC-cellular_component(R2)
mouse	rat	0.003207347807328102	0.00011119502488935171	0.7895	0.9615	0.040373745530049604	0.12861736334405144	0.13342842323651452	0.0765872711955273	0.0765872711955273	0.07898979043524987	57	362	363	0.6140151168875274	0.2977642130885711	0.5366561702874116	0.6040098921146024	0.2928648826740072	0.5308907639099061	0.6036729263870826	0.2925684356297671	0.5300728205805201
