org1	org2	norm(R-R0)	norm(R-R1)	sim_with_isorank-R(R0)	sim_with_isorank-R(R1)	Edge Correctness (R0)	Edge Correctness (R1)	Edge Correctness (R)	Symmetric substructure (S^3-R0)	Symmetric substructure (S^3-R1)	Symmetric substructure (S^3-R)	LCCS (R0)	LCCS (R1)	LCCS (R)	FC-molecular_function(R0)	FC-biological_process(R0)	FC-cellular_component(R0)	FC-molecular_function(R1)	FC-biological_process(R1)	FC-cellular_component(R1)	FC-molecular_function(R2)	FC-biological_process(R2)	FC-cellular_component(R2)
human	bakers	0.00024326629901030752	9.952274454430166e-06	0.9865	0.996	0.2131572295247725	0.21329793801703914	0.21278696618118983	0.057489433924589835	0.057489433924589835	0.05738728092804953	1150	1188	1187	0.5948200763774886	0.3615891905742788	0.5027806694222261	0.5946871646617538	0.36153384261129956	0.5024144941920449	0.5949331941949877	0.36162122370518723	0.5025080028988624
