org1	org2	norm(R-R0)	norm(R-R1)	sim_with_isorank-R(R0)	sim_with_isorank-R(R1)	Edge Correctness (R0)	Edge Correctness (R1)	Edge Correctness (R)	Symmetric substructure (S^3-R0)	Symmetric substructure (S^3-R1)	Symmetric substructure (S^3-R)	LCCS (R0)	LCCS (R1)	LCCS (R)	FC-molecular_function(R0)	FC-biological_process(R0)	FC-cellular_component(R0)	FC-molecular_function(R1)	FC-biological_process(R1)	FC-cellular_component(R1)	FC-molecular_function(R2)	FC-biological_process(R2)	FC-cellular_component(R2)
fly	rat	0.0034822648481741846	0.00033538448539938295	0.378	0.516	0.015019379844961241	0.0379746835443038	0.05148614609571788	0.0211932930462167	0.0211932930462167	0.03424244454868324	53	42	77	0.49502137813830643	0.1904141774626666	0.4288715322076791	0.42988117464611975	0.17034384236772418	0.39923243149819965	0.3913250012789547	0.15442059661774254	0.3689532564243649
