org1	org2	norm(R-R0)	norm(R-R1)	sim_with_isorank-R(R0)	sim_with_isorank-R(R1)	Edge Correctness (R0)	Edge Correctness (R1)	Edge Correctness (R)	Symmetric substructure (S^3-R0)	Symmetric substructure (S^3-R1)	Symmetric substructure (S^3-R)	LCCS (R0)	LCCS (R1)	LCCS (R)	FC-molecular_function(R0)	FC-biological_process(R0)	FC-cellular_component(R0)	FC-molecular_function(R1)	FC-biological_process(R1)	FC-cellular_component(R1)	FC-molecular_function(R2)	FC-biological_process(R2)	FC-cellular_component(R2)
fly	rat	0.0034002376045464684	0.0015328354592556092	0.355	0.475	0.018774157923799006	0.03796799516908213	0.0439380127620784	0.020988942207385772	0.020988942207385772	0.030198609109704906	87	52	64	0.4944512154919126	0.19102685269186792	0.4282282595865011	0.4364388949743975	0.17232349298426292	0.3991445009697788	0.3865662533245633	0.15524205447172343	0.3719399727331727
